,Product Name,Price,Lokasi
0,[OLXmobbi] Mazda 2 1.5 S Bensin-MT 2010 Hijau,Rp 80.000.000,"Kebayoran Lama, Jakarta Selatan"
1,[OLXmobbi] Daihatsu Terios 1.5 R Deluxe Bensin-AT 2018 Hitam,Rp 178.000.000,"Cilandak, Jakarta Selatan"
2,[OLXmobbi] Honda BR-V 1.5 E Bensin-MT 2016 Merah,Rp 153.000.000,"Pancoran, Jakarta Selatan"
3,[OLXmobbi] Mitsubishi Xpander 1.5 Ultimate Bensin-AT 2019 Silver,Rp 202.000.000,"Kebayoran Lama, Jakarta Selatan"
4,Mercedes Benz C250 AMG W205,Rp 599.000.000,"Cilandak, Jakarta Selatan"
5,DP10% [Km51.000] RX200t / RX200 F-Sport 2017 Like 2015/2016 #AUTOHIGH,Rp 685.000.000,"Jakarta Selatan, Jakarta D.K.I."
6,HOT ITEMS ! BMW 330i G20 MSport Full Option B48 2021 / 2022,Rp 775.000.000,"Cilandak, Jakarta Selatan"
7,Dijual Toyota Kijang Innova 2018,Rp 277.500.000,"Pancoran, Jakarta Selatan"
8,bmw 330i M-Sport LCI,Rp 550.000.000,"Cilandak, Jakarta Selatan"
9,Head Unit Alpine AL 3008 BMW F30 2013,Rp 5.500.000,"Pasar Minggu, Jakarta Selatan"
10,Service Record! VW Tiguan Allspace 1.4 TSI 2021 cx5 hrv crv x1 gla200,Rp 395.000.000,"Kebayoran Baru, Jakarta Selatan"
11,Dongkrak buaya 2 ton,Rp 450.000,"Cilandak, Jakarta Selatan"
12,BMW M2 COMPETITION,Rp 1.700.000.000,"Kebayoran Baru, Jakarta Selatan"
13,Honda Odyssey E prestige sunroof km 50 ribu Putih full spek terawat,Rp 415.000.000,"Kebayoran Baru, Jakarta Selatan"
14,Toyota Alphard 2.5 G 2022,Rp 1.160.000.000,"Cilandak, Jakarta Selatan"
15,Bodykit Mercy Mercedes GLE 63 Coupe C292 AMG 2015 - 2019 Taiwan,Rp 55.000.000,"Kebayoran Lama, Jakarta Selatan"
16,Tanduk Bullbar Mercy Mercedes Jip G-Class W463 G63 AMG,Rp 21.500.000,"Kebayoran Lama, Jakarta Selatan"
17,Bodykit BMW 5 Series G30 M5 LCi th 2020 Taiwan Termurah,Rp 17.500.000,"Kebayoran Lama, Jakarta Selatan"
18,Ford Escape 2.3 LTD Tahun 2008,Rp 99.000.000,"Kebayoran Baru, Jakarta Selatan"
19,DP10% [Km16.000] X3 Luxury 2022/2023 Mdl M-Sport 2020/2021 #AUTOHIGH,Rp 975.000.000,"Jakarta Selatan, Jakarta D.K.I."
20,[OLXmobbi] Toyota Agya 1.2 G Bensin-AT 2019 Abu,Rp 109.000.000,"Pesanggrahan, Jakarta Selatan"
21,[OLXmobbi] Honda Brio Satya 1.2 E Bensin-MT 2014 Abu,Rp 92.000.000,"Pasar Minggu, Jakarta Selatan"
22,[OLXmobbi] Toyota Yaris 1.5 TRD Sportivo Bensin-AT 2018 Abu,Rp 189.000.000,"Cilandak, Jakarta Selatan"
23,"[OLXmobbi] TDP 8,JT Toyota Rush 1.5 S Bensin-MT Hitam 2016",Rp 144.000.000,"Kebayoran Baru, Jakarta Selatan"
24,Mercedes-Benz C-Class Station Wagon 2000,Rp 355.000.000,"Cilandak, Jakarta Selatan"
25,Alphard Upgrade Modelista,Rp 375.000.000,"Cilandak, Jakarta Selatan"
26,Toyota Alphard G 2.4 2015 atpm,Rp 670.000.000,"Jakarta Selatan, Jakarta D.K.I."
27,DP10% [Km7.000] Alphard G ATPM 2022/2023 Mdl 2020/2021 #AUTOHIGH,Rp 1.175.000.000,"Kebayoran Baru, Jakarta Selatan"
28,[VIP Dealer] Toyota Alphard 2014,Rp 372.000.000,"Kebayoran Baru, Jakarta Selatan"
29,Mini cooper S 2016,Rp 625.000.000,"Cilandak, Jakarta Selatan"
30,Toyota Avanza G Matic 2012,Rp 112.000.000,"Pasar Minggu, Jakarta Selatan"
31,[VIP Dealer] Toyota Kijang Innova V Diesel AT Tahun 2022,Rp 425.000.000,"Kebayoran Baru, Jakarta Selatan"
32,Toyota Alphard G ATPM 2018 SC Aless PS 2019 Vellfire 2020 Premium 2021,Rp 819.000.000,"Kebayoran Lama, Jakarta Selatan"
33,montir panggilan 24 jam bensin dan diesel semua merk,Rp 150.000,"Kebayoran Lama, Jakarta Selatan"
34,jaguar S type 2.5 v6,Rp 128.000.000,"Cilandak, Jakarta Selatan"
35,Mobilio RS cvt 2015 Abu abu low km,Rp 139.000.000,"Kebayoran Lama, Jakarta Selatan"
36,Nissan serena hws c26 2013 km rendah,Rp 157.000.000,"Cilandak, Jakarta Selatan"
37,Xpander Sport At Tahun 2019,Rp 192.000.000,"Pesanggrahan, Jakarta Selatan"
38,Mercedes Benz E250 Coupe Avantgarde AMG Tahun 2010 Automatic Hitam,Rp 389.000.000,"Kebayoran Baru, Jakarta Selatan"
39,Toyota Camry 2023 Bensin,Rp 1.100.000.000,"Kebayoran Lama, Jakarta Selatan"
40,[OLXmobbi] TDP 10JT Honda Jazz 1.5 RS Bensin Abu 2016,Rp 182.000.000,"Cilandak, Jakarta Selatan"
41,[OLXmobbi] Toyota Sienta 1.5 E Bensin-AT 2017 Putih,Rp 153.000.000,"Pesanggrahan, Jakarta Selatan"
42,[OLXmobbi] Honda Brio Satya 1.2 E Bensin-AT 2019 Abu,Rp 145.000.000,"Pasar Minggu, Jakarta Selatan"
43,[OLXmobbi] Toyota Agya 1.2 G Bensin-MT 2018 791,Rp 105.000.000,"Pasar Minggu, Jakarta Selatan"
44,"2,4k miles like new mini JCW WC50 super rare!",Rp 742.500.000,"Kebayoran Baru, Jakarta Selatan"
45,Dp 8 jt Xenia R 2023 termurah se Jakarta,Rp 205.000.000,"Cilandak, Jakarta Selatan"
46,Honda CRV 2.0 2015 CR-V 2016 mdl 2014 2.4 non prestige fender 2013,Rp 191.000.000,"Cilandak, Jakarta Selatan"
47,Mercedes Benz C250 2016 AMG Panoramic W205 Bensin Hitam C300 c200,Rp 470.000.000,"Cilandak, Jakarta Selatan"
48,(LOW Km 50 rb) Honda CRV PRESTIGE 2017 AT 1.5 Hitam Pakai 2018 turbo,Rp 338.000.000,"Cilandak, Jakarta Selatan"
49,Land cruiser VXR th 1997 antik orisinil,Rp 690.000.000,"Mampang Prapatan, Jakarta Selatan"
50,Honda Jazz 1.5 S At 2011 Abu abu Metalik,Rp 135.000.000,"Cilandak, Jakarta Selatan"
51,HONDA FREED 2013 PSD DOUBLE BLOWER TDP 5 JT,Rp 145.000.000,"Jakarta Selatan, Jakarta D.K.I."
52,DP10JT AJA!! CHEVROLET SPARK PREMIER 2019/2020 AT LTZ 2018 AGYA BRIO,Rp 122.000.000,"Kebayoran Lama, Jakarta Selatan"
53,Mobil istimewa dan sangat bagus,Rp 80.000.000,"Cilandak, Jakarta Selatan"
54,Pajero Dakar disel at 2018 hitam km47rb,Rp 395.000.000,"Kebayoran Lama, Jakarta Selatan"
55,"[Angs 2,9jt] Ayla X MT 2021 Hitam Boleh TT Agya G 2020",Rp 110.000.000,"Pesanggrahan, Jakarta Selatan"
56,LEXUS LM350 7 SEATER NIK 2020,Rp 1.675.000.000,"Kebayoran Baru, Jakarta Selatan"
57,215 55 r17 bridgestone turanza er33,Rp 1.500.000,"Pancoran, Jakarta Selatan"
58,Dealer resmi kaca film mobil dan gedung bisa di panggil,Rp 400.000,"Pasar Minggu, Jakarta Selatan"
59,[OLXmobbi] Toyota Agya 1.2 G Bensin-AT 2019 Abu,Rp 109.000.000,"Kebayoran Lama, Jakarta Selatan"
60,[OLXmobbi] Toyota Calya 1.2 G Bensin-AT 2019 848,Rp 109.000.000,"Pasar Minggu, Jakarta Selatan"
61,[OLXmobbi] Nissan Grand livina 1.5 XV Bensin-AT 2016 Abu,Rp 118.000.000,"Pasar Minggu, Jakarta Selatan"
62,[OLX AUTOS] Daihatsu Xenia 1.5 R ASA Bensin-AT 2021 WIF,Rp 202.000.000,"Pesanggrahan, Jakarta Selatan"
63,[OLXmobbi] Daihatsu Ayla 1.0 X Bensin-MT 2014 824,Rp 75.000.000,"Pesanggrahan, Jakarta Selatan"
64,[VIP Dealer] BMW 535i GT Tahun 2011 Automatic Putih,Rp 339.000.000,"Kebayoran Baru, Jakarta Selatan"
65,BMW 740Li 2016 LowMiles,Rp 555.000.000,"Mampang Prapatan, Jakarta Selatan"
66,Toyota Rush TRD SPORTIVO ULTIMO 2017 Manual FullOriginal SepertiBaru,Rp 158.000.000,"Cilandak, Jakarta Selatan"
67,[DP 0 %] Toyota Alphard G 2.5 ATPM 2018 PUTIH,Rp 799.000.000,"Kebayoran Lama, Jakarta Selatan"
68,Avanza Veloz siap mudik,Rp 155.000.000,"Pancoran, Jakarta Selatan"
69,Home servis pasang Kaca film mobil dan gedung bisa di panggil,Rp 400.000,"Kebayoran Baru, Jakarta Selatan"
70,Honda City GD8 Idsi A/T 2008 Last Edition,Rp 89.000.000,"Kebayoran Baru, Jakarta Selatan"
71,Innova Reborn 201 2.0 G Bensin AT Hitam Tangan Pertama,Rp 250.000.000,"Pasar Minggu, Jakarta Selatan"
72,Mercedes benz E300 W212 black on black rare siap pakai,Rp 210.000.000,"Kebayoran Lama, Jakarta Selatan"
73,Toyota Vellfire 2.4 Z Alles 2011 Km 78rb Tangan 1 Istimewa,Rp 248.000.000,"Cilandak, Jakarta Selatan"
74,Nissan March AT 2013 Abu Boleh Tukar Tambah Ayla X Agya G 2014,Rp 89.000.000,"Pesanggrahan, Jakarta Selatan"
75,Toyota Landcruiser 4.5 VX Diesel UK Facelift FULLSPEC 2013,Rp 1.180.000.000,"Cilandak, Jakarta Selatan"
76,Ban Dunlop Enasave 205/55 R17,Rp 1.800.000,"Cilandak, Jakarta Selatan"
77,Mazda 8 2.3 Matic 2012 Km130rb Mulus Terawat,Rp 139.000.000,"Cilandak, Jakarta Selatan"
78,Ban Michelin Pilot Sport⁵ 225/45 R18,Rp 4.250.000,"Cilandak, Jakarta Selatan"
79,[OLXmobbi] Honda Brio Satya 1.2 E Bensin-MT 2014 Abu,Rp 92.000.000,"Kebayoran Lama, Jakarta Selatan"
80,[OLX AUTOS] Toyota Agya 1.2 TRD Sportivo Bensin-AT 2020 788,Rp 125.000.000,"Pasar Minggu, Jakarta Selatan"
81,[OLXmobbi] Toyota Sienta 1.5 V Bensin-AT 2016 Orange,Rp 155.000.000,"Pasar Minggu, Jakarta Selatan"
82,[OLXmobbi] Toyota Vios 1.5 G Bensin-AT 2014 Merah,Rp 122.000.000,"Pasar Minggu, Jakarta Selatan"
83,[OLXmobbi] Honda CR-V 1.5 Prestige Bensin-AT 2021 Hitam,Rp 475.000.000,"Pasar Minggu, Jakarta Selatan"
84,Mazda CX8 2021 - mulus,Rp 540.000.000,"Pasar Minggu, Jakarta Selatan"
85,Mercedes Benz CLA200 C117 AMG Coupè Facelift 2018 c200 320i 520i c300,Rp 495.000.000,"Kebayoran Baru, Jakarta Selatan"
86,DP10% [Km3.000] E300 AMG 2023 Mdl 2021/2022 Like E350 2020 #AUTOHIGH,Rp 1.250.000.000,"Jakarta Selatan, Jakarta D.K.I."
87,Head Unit X-Trail T32 ORIGINAL LENGKAP dengan Camera 360,Rp 2.350.000,"Pesanggrahan, Jakarta Selatan"
88,Ban Achiles Desert Hawk 215/70 R16,Rp 1.800.000,"Cilandak, Jakarta Selatan"
89,Toyota Crown Crossover 2.4 Hybrid E Four RS 2023 Black,Rp 2.000.000.000,"Kebayoran Baru, Jakarta Selatan"
90,[VIP Dealer] Toyota Alphard G ATPM 2021 SC Aless PS 2022,Rp 981.000.000,"Kebayoran Lama, Jakarta Selatan"
91,Toyota Camry Hybrid 2019/2020 Black,Rp 480.000.000,"Kebayoran Baru, Jakarta Selatan"
92,Toyota Alphard G ATPM 2019 Black On Beige,Rp 935.000.000,"Kebayoran Lama, Jakarta Selatan"
93,HONDA CRV PRESTIGE TURBO 2017,Rp 355.000.000,"Jakarta Selatan, Jakarta D.K.I."
94,Toyota Fortuner 2021 Diesel,Rp 500.000.000,"Pesanggrahan, Jakarta Selatan"
95,Mitsubishi Pajero Sport 2.4 Dakar 2017 Km 142rb Tangan 1,Rp 360.000.000,"Cilandak, Jakarta Selatan"
96,Lampu Belakang VW GOLF MK VI,Rp 4.000.000,"Pesanggrahan, Jakarta Selatan"
97,Tesla Model 3 Performance 2023 Black,Rp 1.850.000.000,"Kebayoran Baru, Jakarta Selatan"
98,Suzuki XL7 Alpha 1.5 AT Matic 2020 - Oranye,Rp 205.000.000,"Kebayoran Lama, Jakarta Selatan"
99,FIAT LOUNGE 2015,Rp 270.000.000,"Jakarta Selatan, Jakarta D.K.I."
100,[OLXmobbi] Wuling Cortez 1.5 LT Lux Plus Bensin-AT 2021 SMD,Rp 171.000.000,"Pesanggrahan, Jakarta Selatan"
101,[OLXmobbi] Honda Mobilio 1.5 RS Bensin-MT 2019 Hitam,Rp 173.000.000,"Pasar Minggu, Jakarta Selatan"
102,[OLXmobbi] Daihatsu Ayla 1.2 R Bensin-MT 2018 EYJ,Rp 92.000.000,"Pesanggrahan, Jakarta Selatan"
103,[OLXmobbi] Honda CR-V 2.0 4X2 Bensin-AT 2013 SJK,Rp 165.000.000,"Pasar Minggu, Jakarta Selatan"
104,Toyota Innova G AT Diesel 2020 FullOriginal SepertiBaru Gress Istimewa,Rp 308.000.000,"Cilandak, Jakarta Selatan"
105,DP 25JT HONDA ACCORD SENSING 2020 1.5 AT TURBO LOW KM.21RB PJK PJG#F2S,Rp 510.000.000,"Pasar Minggu, Jakarta Selatan"
106,KM 7.000 Perak Wuling AIR EV Long Range Two Tone 2023,Rp 215.000.000,"Mampang Prapatan, Jakarta Selatan"
107,Mercy Mercedes Benz ML250D CDI 2015 Antik Odo 20rb,Rp 465.000.000,"Kebayoran Baru, Jakarta Selatan"
108,Range Rover Evoque Si4 Dynamic Luxury 2014 Black,Rp 610.000.000,"Kebayoran Baru, Jakarta Selatan"
109,Porsche Panamera 3.6L 2012 White On Black,Rp 900.000.000,"Kebayoran Baru, Jakarta Selatan"
110,Porsche GT3 Touring 2022 White,Rp 8.800.000.000,"Kebayoran Baru, Jakarta Selatan"
111,Porsche GT3 PDK 2022 Shark Blue,Rp 8.500.000.000,"Kebayoran Baru, Jakarta Selatan"
112,Jual sokbreker dpn blkg alphard th 08 hrg 600rb,Rp 600.000,"Pancoran, Jakarta Selatan"
113,Porsche Cayenne 3.6 V6 2012 White On Beige,Rp 635.000.000,"Kebayoran Baru, Jakarta Selatan"
114,Jual tangki solar panther 2001 keatas hrg 450rb,Rp 450.000,"Pancoran, Jakarta Selatan"
115,Porsche 911 Carrera S 2012 White On Red,Rp 2.675.000.000,"Cilandak, Jakarta Selatan"
116,GOOD CONDITION! TOTOYA INNOVA DIESEL 2.4 V AT 2016 INNOVA DIESEL 2.4V,Rp 292.000.000,"Kebayoran Lama, Jakarta Selatan"
117,Porsche 911 Carrera GTS 2023 Racing Yellow,Rp 5.700.000.000,"Kebayoran Baru, Jakarta Selatan"
118,Brigdestone R18 225/45,Rp 500.000,"Cilandak, Jakarta Selatan"
119,[OLXmobbi] Toyota Sienta 1.5 E Bensin-AT 2017 Putih,Rp 153.000.000,"Pancoran, Jakarta Selatan"
120,[OLXmobbi] Toyota Voxy 2.0 Bensin-AT 2023 EZO,Rp 547.000.000,"Pesanggrahan, Jakarta Selatan"
121,[OLXmobbi] Toyota Avanza 1.5 G Bensin-MT 2012 TOW,Rp 105.000.000,"Pesanggrahan, Jakarta Selatan"
122,[OLXmobbi] Daihatsu Ayla 1.0 X MT 2018 UKR,Rp 100.000.000,"Pesanggrahan, Jakarta Selatan"
123,[OLXmobbi] DAIHATSU LUXIO 1.5 X AT 2019 BYZ,Rp 171.000.000,"Pesanggrahan, Jakarta Selatan"
124,Mercedes Benz GLC250  4MATIC Exclusive Line CKD 2017 gla200 ml400 x1 x,Rp 575.000.000,"Kebayoran Baru, Jakarta Selatan"
125,LOW KM TERMURAH!!! BMW i8 HYBRID,Rp 2.399.000.000,"Cilandak, Jakarta Selatan"
126,Toyota Kijang Innova Reborn type G 2018,Rp 250.000.000,"Cilandak, Jakarta Selatan"
127,TOYOTA YARIS S TRD MT MANUAL 2016 HITAM KM 89RB,Rp 138.500.000,"Kebayoran Baru, Jakarta Selatan"
128,"Hrv 2023,E,Km11rban(Cash).",Rp 338.000.000,"Cilandak, Jakarta Selatan"
129,Toyota rush gr sport at 2022//Rush GR sport// 2023,Rp 231.000.000,"Cilandak, Jakarta Selatan"
130,Mazda Biante Skyactive 2.0 2014,Rp 167.000.000,"Cilandak, Jakarta Selatan"
131,MINI COOPER CLUBMAN JCW 2019 REBEL GREEN LOW KM ISTIMEWA S JCW,Rp 840.000.000,"Kebayoran Lama, Jakarta Selatan"
132,"BMW X3 2.0Xdrive 2013, AWD & Panoramic",Rp 285.000.000,"Kebayoran Baru, Jakarta Selatan"
133,[Km 10rb] Sigra X AT 2023 Matic Boleh TT Calya G 2022,Rp 135.000.000,"Pesanggrahan, Jakarta Selatan"
134,Jual berbagai jenis aki mobil..baru dan bekas bergaransi,Rp 350.000,"Kebayoran Lama, Jakarta Selatan"
135,Chevrolet Orlando LT 1.8 AT 2015,Rp 149.000.000,"Cilandak, Jakarta Selatan"
136,Sewa ELF Jakarta Murah,Rp 750.000,"Pasar Minggu, Jakarta Selatan"
137,Xenia Xi 2008 Full Original Daihatsu,Rp 89.000.000,"Kebayoran Lama, Jakarta Selatan"
138,Innova 2.0 Venturer AT 2020  TDP48jt Toyota Kijang Inova Matic Bensin,Rp 340.000.000,"Mampang Prapatan, Jakarta Selatan"
139,[OLXmobbi] DAIHATSU 1.0 X MT 2016 PIA,Rp 85.000.000,"Pesanggrahan, Jakarta Selatan"
140,[OLXmobbi] Daihatsu Sirion 1.3 D FMC Bensin AT 2017 FK,Rp 120.000.000,"Pesanggrahan, Jakarta Selatan"
141,[OLXmobbi] Daihatsu Ayla 1.2 R Bensin MT 2018 1TZZ,Rp 102.000.000,"Pesanggrahan, Jakarta Selatan"
142,[OLXmobbi] Honda Brio 1.2 E AT 2014 EMU,Rp 99.000.000,"Pesanggrahan, Jakarta Selatan"
143,Rental Mobil Matic Lepas Kunci 24 Jam,Rp 249.999,"Mampang Prapatan, Jakarta Selatan"
144,BMW 730li G12 MSport B48 2019 / 2020 c300 e400 528i,Rp 1.145.000.000,"Kebayoran Baru, Jakarta Selatan"
145,Mitsubishi Xpander 1.5 Sport Bensin-AT 2019 Merah,Rp 193.000.000,"Pasar Minggu, Jakarta Selatan"
146,velg wedsport tc105 r18 & ban michelin r18 baru,Rp 19.200.000,"Pesanggrahan, Jakarta Selatan"
147,List chrome pintu/ door guard Toyota Land Cruiser J200 2016 - 2020,Rp 1.750.000,"Pasar Minggu, Jakarta Selatan"
148,Velg Volkrays Zenraeng R18,Rp 4.750.000,"Cilandak, Jakarta Selatan"
149,SX4 S Cross AT 2017 TDP15jt Suzuki SX-4 S-Cross Matic Automatic,Rp 145.000.000,"Mampang Prapatan, Jakarta Selatan"
150,Velg OEM Fortuner TRD Sportivo R17,Rp 9.500.000,"Cilandak, Jakarta Selatan"
151,emblem logo hybrid stir toyota,Rp 150.000,"Cilandak, Jakarta Selatan"
152,Velg New City R16 Pcd 4 x 100,Rp 4.300.000,"Cilandak, Jakarta Selatan"
153,Volkswagen Golf 1.2 AT TSI 2014,Rp 195.000.000,"Cilandak, Jakarta Selatan"
154,Mitsubishi Xpander 2017 AT,Rp 180.000.000,"Pancoran, Jakarta Selatan"
155,MURAH. FACELIFT BMW 530i Sunroof TV G30 2018 luxury 2017 m sport,Rp 535.000.000,"Kebayoran Baru, Jakarta Selatan"
156,Ban serep mercy masih baru lengkap dengan tas nya,Rp 4.500.000,"Pancoran, Jakarta Selatan"
157,Toyota Voxy 2021,Rp 450.000.000,"Pancoran, Jakarta Selatan"
158,[OLXmobbi] Honda Brio Satya 1.2 S MT 2018 ZMN,Rp 125.000.000,"Pasar Minggu, Jakarta Selatan"
159,[OLXmobbi] Daihatsu Terios 1.5 R AT 2016 UIC,Rp 120.000.000,"Pesanggrahan, Jakarta Selatan"
160,[OLXmobbi] Daihatsu Sirion 1.3 d bensin AT 2019 Putih WZV,Rp 125.000.000,"Pesanggrahan, Jakarta Selatan"
161,[OLXmobbi] Daihatsu Xenia 1.3 R Deluxe Bensin-MT 2014 Silver KGW,Rp 115.000.000,"Pesanggrahan, Jakarta Selatan"
162,KM 30.000 | Tax MAR 2025 | Mercedes-Benz E-Class 2017 Services ATPM,Rp 625.000.000,"Cilandak, Jakarta Selatan"
163,Mercedes Benz GLC200 AMG Line Facelift Black On Black NIK 2021,Rp 895.000.000,"Kebayoran Baru, Jakarta Selatan"
164,Honda Brio Km19Rb E CVT AT 2020 FullOriginal SepertiBaru Gresss ISTW,Rp 142.000.000,"Cilandak, Jakarta Selatan"
165,FORTUNER VRZ DIESEL 2019 AT CASH,Rp 429.999.999,"Pasar Minggu, Jakarta Selatan"
166,[VIP Dealer] Honda CRV Prestige Turbo 2018,Rp 350.000.000,"Kebayoran Baru, Jakarta Selatan"
167,Chevrolet Trax Jak Sel,Rp 185.000.000,"Mampang Prapatan, Jakarta Selatan"
168,Termurah /Fortuner 2.4 VRZ 4x2 AT 2018 Istimewa,Rp 380.000.000,"Cilandak, Jakarta Selatan"
169,BUNGA=4.5% Tdp=46jt GANJIL PAJAK=AGUST Toyota Fortuner Vrz Diesel 2019,Rp 378.000.000,"Kebayoran Baru, Jakarta Selatan"
170,TDP 4 JUTA CALYA G AT 2019,Rp 120.000.000,"Mampang Prapatan, Jakarta Selatan"
171,KNALPOT NDK EXHAUST TYPE DK 03 V4 BASS,Rp 1.300.000,"Cilandak, Jakarta Selatan"
172,Full service Toyota ! Avanza manual 2010 Bensin,Rp 80.500.000,"Cilandak, Jakarta Selatan"
173,Dijual Honda CRV Turbo Prestige Honda Sensing  Tahun 2021,Rp 500.000.000,"Pesanggrahan, Jakarta Selatan"
174,Daihatsu Xenia 2021 Bensin,Rp 192.000.000,"Cilandak, Jakarta Selatan"
175,Mercedes-Benz C200 2022 Bensin,Rp 970.000.000,"Cilandak, Jakarta Selatan"
176,BMW 528i F10 2014 Black on Black,Rp 320.000.000,"Kebayoran Lama, Jakarta Selatan"
177,[OLXmobbi] Daihatsu Gran max 1.3 BV MT 2017 Putih TBI,Rp 87.000.000,"Pesanggrahan, Jakarta Selatan"
178,[OLXmobbi] Daihatsu Xenia 1.3 X Bensin-MT 2012 Silver TZL,Rp 94.000.000,"Pesanggrahan, Jakarta Selatan"
179,[OLXmobbi] Mazda 2 1.5 R Bensin-AT 2019 Abu,Rp 209.000.000,"Pasar Minggu, Jakarta Selatan"
180,[OLXmobbi] Toyota Avanza 1.3 g bensin AT 2018 Silver FIG,Rp 150.000.000,"Pesanggrahan, Jakarta Selatan"
181,Nissan Serena HWS Autec Panoramik 2018 At hitam,Rp 210.000.000,"Pasar Minggu, Jakarta Selatan"
182,Toyota Kijang Innova G Manual 2007 Termurah,Rp 105.000.000,"Cilandak, Jakarta Selatan"
183,Toyota Alphard 2.4 G ATPM 2014 November Hitam Metalik Vieta Motor Term,Rp 389.000.000,"Pesanggrahan, Jakarta Selatan"
184,Suzuki XL7 1.5 Alpha Bensin-AT 2021,Rp 226.900.000,"Kebayoran Baru, Jakarta Selatan"
185,MAZDA CX5 GT 2020/2021 BLACK A/T,Rp 420.000.000,"Cilandak, Jakarta Selatan"
186,Km.38rb Mazda CX-30 2.0 Skyactive-G Sunroof AT 2020 Abu Metalik,Rp 360.000.000,"Kebayoran Lama, Jakarta Selatan"
187,Mercedes Benz S450L A/T 2019 Black,Rp 1.575.000.000,"Kebayoran Baru, Jakarta Selatan"
188,DIJUAL INNOVA BENSIN 2.0G MANUAL TAHUN 2012,Rp 140.000.000,"Kebayoran Lama, Jakarta Selatan"
189,Mercedes Benz S300 Solitaire RSE 2012 Black,Rp 410.000.000,"Mampang Prapatan, Jakarta Selatan"
190,"TOYOTA FORTUNER 2.4 VRZ HITAM, 2018",Rp 395.000.000,"Mampang Prapatan, Jakarta Selatan"
191,Mercedes-Benz CLA200 AMG line thn 2016,Rp 430.000.000,"Mampang Prapatan, Jakarta Selatan"
192,BMW 318i E46 2004,Rp 115.000.000,"Cilandak, Jakarta Selatan"
193,[TANPA DP] Mercedes Benz GLE400 AMG 2018 White,Rp 815.000.000,"Kebayoran Baru, Jakarta Selatan"
194,Mercedes Benz GLC200 AMG 2018 White,Rp 685.000.000,"Kebayoran Lama, Jakarta Selatan"
195,Toyota Rush S Trd 1.5 at 2019,Rp 195.000.000,"Pesanggrahan, Jakarta Selatan"
196,[OLXmobbi] Daihatsu Sirion 1.3 D Bensin-AT 2016 Putih ZGZ,Rp 115.000.000,"Kebayoran Baru, Jakarta Selatan"
197,[OLXmobbi] Daihatsu Luxio 1.5 X Bensin-AT 2019 Abu BYZ,Rp 171.000.000,"Pasar Minggu, Jakarta Selatan"
198,Daihatsu Terios 1.5 r deluxe bensin 2018 Silver PFR,Rp 155.000.000,"Pasar Minggu, Jakarta Selatan"
199,[OLXmobbi] Honda Brio 1.2 E Bensin-AT 2014 Abu EMU,Rp 99.000.000,"Pasar Minggu, Jakarta Selatan"
200,Toyota New Alphard 2.5 X Built-Up Sunroof + Moonroof NIK 2015,Rp 595.000.000,"Kebayoran Baru, Jakarta Selatan"
201,GOOD CONDITION! TOYOTA ALPHARD 2.4 G AT 2014 2.4G TERMURAH!,Rp 365.000.000,"Kebayoran Baru, Jakarta Selatan"
202,[Mobil Baru] The All New Morris Garages 5 GT Magnify Sedan,Rp 367.900.000,"Cilandak, Jakarta Selatan"
203,Vellfire ZG alles 2014 Top condition,Rp 360.000.000,"Cilandak, Jakarta Selatan"
204,Mercedes Benz GLA200 AMG 2020 Grey On Black,Rp 750.000.000,"Kebayoran Baru, Jakarta Selatan"
205,Kia Sorento 2.4 Bensin Panoramik Tahun 2013 Automatic Hitam Metalik,Rp 169.000.000,"Mampang Prapatan, Jakarta Selatan"
206,Mercedes Benz E300 AMG 2017 White,Rp 795.000.000,"Kebayoran Baru, Jakarta Selatan"
207,Mercedes Benz E250 Avantgarde 2017 Grey,Rp 560.000.000,"Kebayoran Baru, Jakarta Selatan"
208,New Model Maserati Ghibli (350 Hp) facelift AT 2018 Blue On Brown,Rp 995.000.000,"Kebayoran Lama, Jakarta Selatan"
209,Toyota Vellfire ZG 2018 Facelift Hitam RARE ITEM,Rp 910.000.000,"Cilandak, Jakarta Selatan"
210,Mercedes Benz CLS350 AMG AT 2019 Black,Rp 1.195.000.000,"Kebayoran Lama, Jakarta Selatan"
211,Karet ALL Pintu Nissan Teana,Rp 4.750.000,"Cilandak, Jakarta Selatan"
212,SPION TOYOTA ALPHARD TAHUN 2007 SAMPAI 2014,Rp 2.500.000,"Pasar Minggu, Jakarta Selatan"
213,Camry Hybrid 2015 Pemakaian Pribadi Unit Istimewa Tinggal Pakai,Rp 289.000.000,"Cilandak, Jakarta Selatan"
214,Honda CRV TURBO PRESTIGE 2019 / CRV 2019,Rp 385.000.000,"Kebayoran Baru, Jakarta Selatan"
215,[OLXmobbi] Honda Brio Satya 1.2 S Bensin-MT 2018 Abu ZMN,Rp 125.000.000,"Pasar Minggu, Jakarta Selatan"
216,[OLXmobbi] DAIHATSU SIRION D AT 2019 WZV,Rp 125.000.000,"Pesanggrahan, Jakarta Selatan"
217,[OLXmobbi] Daihatsu Sirion 1.3 D FMC AT 2017 FK,Rp 120.000.000,"Pesanggrahan, Jakarta Selatan"
218,[OLXmobbi] Daihatsu Ayla 1.2 R Bensin MT 2018 TZZ,Rp 102.000.000,"Pesanggrahan, Jakarta Selatan"
219,Sewa Rental Mobil Alphard Pajero Fortuner Hiace Luxury Sprinter Jkt,Rp 1.000.000,"Mampang Prapatan, Jakarta Selatan"
220,Nissan Kicks 1.2 bensin 2021  Orange,Rp 331.700.000,"Pasar Minggu, Jakarta Selatan"
221,DP20% [Km14.000] Mazda 6 Estate Wagon 2021 Reg.2022/2023 #AUTOHIGH,Rp 510.000.000,"Jakarta Selatan, Jakarta D.K.I."
222,Honda CR-V 2019 Bensin,Rp 295.000.000,"Cilandak, Jakarta Selatan"
223,Mazda CX-5 Elite 2019 Soul Red On Black,Rp 415.000.000,"Kebayoran Baru, Jakarta Selatan"
224,Nissan Grand Livina Hws Xv At 2011,Rp 87.000.000,"Jakarta Selatan, Jakarta D.K.I."
225,Suzuki Jimny 5 door 4x4 2024 nik 23,Rp 540.000.000,"Mampang Prapatan, Jakarta Selatan"
226,"Odo=38k, Bunga=4.5% Tdp=38jt Pajak=September Mazda cx5 Cx 5 ELite 2019",Rp 358.000.000,"Kebayoran Baru, Jakarta Selatan"
227,HRV 2019 E PLUS SPESIAL EDITION 1.5 HITAM,Rp 230.000.000,"Mampang Prapatan, Jakarta Selatan"
228,"Jeep Wrangler Rubicon tahun 2015
Antik",Rp 1.200.000.000,"Jakarta Selatan, Jakarta D.K.I."
229,BMW LCI 2012 e90 Istimewa Terawat,Rp 208.000.000,"Cilandak, Jakarta Selatan"
230,"Truck muatan, mitsubishi coldisl",Rp 400.000.000,"Pancoran, Jakarta Selatan"
231,Lexus RX 270 ATPM 2014/2015 White On Beige,Rp 398.000.000,"Kebayoran Baru, Jakarta Selatan"
232,Ban Luar Merk GOOD YEAR UK 245.75.R 17,Rp 1.500.000,"Pancoran, Jakarta Selatan"
233,( Promo TDP 3 JT ) Hyundai HI XG Disel AT 2012,Rp 149.000.000,"Kebayoran Lama, Jakarta Selatan"
234,[OLXmobbi] Daihatsu Xenia 1.3 R Sporty AT 2018 SZS,Rp 132.000.000,"Pesanggrahan, Jakarta Selatan"
235,[OLXmobbi] Daihatsu Ayla 1.2 R MT 2019 UKX,Rp 95.000.000,"Pasar Minggu, Jakarta Selatan"
236,[OLXmobbi] Daihatsu Ayla 1.0 X Bensin MT 2016 PIA,Rp 85.000.000,"Pesanggrahan, Jakarta Selatan"
237,[OLXmobbi] Daihatsu Ayla 1.2 R MT 2017 2TBV,Rp 107.000.000,"Pesanggrahan, Jakarta Selatan"
238,DP10% [Km1.000] Jimny 2023 Mdl 2021/2022 Like 2019/2020 #AUTOHIGH,Rp 485.000.000,"Jakarta Selatan, Jakarta D.K.I."
239,[DP 0 PERSEN] VW Tiguan 1.4 TSi AT 2018,Rp 285.000.000,"Kebayoran Lama, Jakarta Selatan"
240,Volkswagen Tiguan Allspace 1.4 TSI 2021 SUV Turbo,Rp 399.000.000,"Cilandak, Jakarta Selatan"
241,[OLXmobbi] DAIHATSU SIGRA 1.2 R AT DELUXE EOT,Rp 90.000.000,"Pesanggrahan, Jakarta Selatan"
242,Lexus RX300 F-Sport 2018 X3 X5 GLC200 GLE250d GLE400 Tiguan CX9 NX300,Rp 848.000.000,"Kebayoran Baru, Jakarta Selatan"
243,(TOP kondisi) Honda HRV E cvt AT 2015 Hitam istimewa,Rp 168.000.000,"Cilandak, Jakarta Selatan"
244,Mobilio E Prestige Matic AT 2015 tt 2014 veloz ertiga,Rp 125.000.000,"Kebayoran Lama, Jakarta Selatan"
245,Toyota Calya 2017 Bensin,Rp 130.000.000,"Pesanggrahan, Jakarta Selatan"
246,Rumah Murah Masuk Mobil Di Jagakarsa Jaksel,Rp 850.000.000,"Cilandak, Jakarta Selatan"
247,BRAND NEW BMW 430i Convertible M Sport AT 2023 Sage Green Metallic,Rp 1.595.000.000,"Kebayoran Lama, Jakarta Selatan"
248,Kijang LGX 1.8 Bensin Ori,Rp 68.500.000,"Cilandak, Jakarta Selatan"
249,[VIP Dealer] HYUNDAI H1 ROYALE 2.5 CRDI DIESEL MATIC 2020 HITAM,Rp 482.500.000,"Cilandak, Jakarta Selatan"
250,Chevrolet TRAX 1.4 LTZ AT 2017 warna Putih Harga Termurah Mulus no PR,Rp 155.000.000,"Kebayoran Baru, Jakarta Selatan"
251,Gran Max MB D 1.3 2018 MT,Rp 100.000.000,"Mampang Prapatan, Jakarta Selatan"
252,HEAD UNIT ORIGINAL MAZDA 2 SKYACTIVE DAN CX3 ORI,Rp 4.500.000,"Pancoran, Jakarta Selatan"
253,[OLXmobbi] Daihatsu Ayla 1.0 M Bensin-MT 2013 Putih WKI,Rp 75.000.000,"Pesanggrahan, Jakarta Selatan"
254,[OLXmobbi] Daihatsu Terios 1.5 R 2016 Hitam UIC,Rp 120.000.000,"Pasar Minggu, Jakarta Selatan"
255,[OLXmobbi] Daihatsu Gran max 1.3 BV MT 2017 Putih TBI,Rp 87.000.000,"Pasar Minggu, Jakarta Selatan"
256,[OLXmobbi] Daihatsu Xenia 1.3 R Deluxe Bensin-MT 2014 Silver KGW,Rp 115.000.000,"Pasar Minggu, Jakarta Selatan"
257,Toyota Corolla Altis 1.8 V Bensin-AT 2015 Hitam,Rp 187.200.000,"Pasar Minggu, Jakarta Selatan"
258,W203 AT C180 THN 2002,Rp 86.500.000,"Cilandak, Jakarta Selatan"
259,[KM 16RB!!] Toyota Alphard Facelift G ATPM NIK 2021,Rp 1.075.000.000,"Kebayoran Baru, Jakarta Selatan"
260,Jeep CJ7 Pick Up 1981 4.200cc Bensin Rare item,Rp 145.000.000,"Kebayoran Baru, Jakarta Selatan"
261,mercedez benz/mercy c200 kompressor 2008,Rp 120.000.000,"Pesanggrahan, Jakarta Selatan"
262,"[DP 5 jt, FULL AUDIO] Honda BRV 1.5 E Prestige AT CVT 2017 - Rawatan",Rp 158.000.000,"Kebayoran Lama, Jakarta Selatan"
263,[VIP Dealer] Honda Civic Turbo hatchback E 1.5 At 2017 LOW KM,Rp 380.000.000,"Kebayoran Baru, Jakarta Selatan"
264,[VIP Dealer] Toyota Vellfire Hybrid ZG Premium Sound 2012,Rp 499.999.000,"Kebayoran Baru, Jakarta Selatan"
265,Lexus LS460L 2014 Black On Beige,Rp 780.000.000,"Kebayoran Baru, Jakarta Selatan"
266,Ban 255/55/20 Goodyear Wrangler HT 2023,Rp 17.000.000,"Kebayoran Baru, Jakarta Selatan"
267,[VIP Dealer] Toyota Vellfire G ATPM 2021,Rp 996.000.000,"Kebayoran Lama, Jakarta Selatan"
268,Suzuki Ertiga Manual,Rp 240.000.000,"Pasar Minggu, Jakarta Selatan"
269,TDP 50 JT   All New Honda CRV 1.5 Turbo Prestige Sensing 2021 Putih,Rp 475.000.000,"Kebayoran Lama, Jakarta Selatan"
270,TDP 50 JT  All New Honda CRV 1.5 Turbo Prestige Sensing 2021 Putih,Rp 475.000.000,"Cilandak, Jakarta Selatan"
271,Ready Mercedes-Benz GLA 200 AMG Line 1.6 at 2016 km 8rb Records,Rp 430.000.000,"Cilandak, Jakarta Selatan"
272,[OLXmobbi] Daihatsu Sirion 1.3 D Bensin-AT 2016 Putih ZGZ,Rp 115.000.000,"Pasar Minggu, Jakarta Selatan"
273,[OLXmobbi] Daihatsu Xenia 1.3 X Bensin-MT 2012 Silver TZL,Rp 94.000.000,"Pasar Minggu, Jakarta Selatan"
274,[OLXmobbi] Toyota Agya 1.0 G Bensin-AT 2015 Silver,Rp 89.000.000,"Pesanggrahan, Jakarta Selatan"
275,[OLXmobbi] Daihatsu Ayla 1.2 R Bensin-MT 2018 Abu-Abu,Rp 99.000.000,"Pesanggrahan, Jakarta Selatan"
276,[DP 5 JT] Toyota Yaris 1.5 S TRD Heykers 2017 AT,Rp 170.000.000,"Kebayoran Lama, Jakarta Selatan"
277,Calya G matic 2017 Putih ( Cash Termurah ),Rp 114.000.000,"Kebayoran Lama, Jakarta Selatan"
278,( KM1.000 ) Lexus LX600 VIP 2023,Rp 3.995.000.000,"Kebayoran Baru, Jakarta Selatan"
279,Toyota Innova 2018 Diesel,Rp 355.000.000,"Kebayoran Lama, Jakarta Selatan"
280,Ban Ring 14 175/65/14 Hankook,Rp 200.000,"Kebayoran Lama, Jakarta Selatan"
281,Ineos Grenadier 2023 Black,Rp 3.100.000.000,"Kebayoran Baru, Jakarta Selatan"
282,Honda Civic FB3 2.0 2014 Black,Rp 188.000.000,"Kebayoran Baru, Jakarta Selatan"
283,Mercedes-Benz W124 300E M/T 1991,Rp 85.000.000,"Cilandak, Jakarta Selatan"
284,Accessory Drive Tensioner,Rp 1.500.000,"Kebayoran Lama, Jakarta Selatan"
285,Ford Mustang 2.3 High Performance 2021 Black Convertible,Rp 1.690.000.000,"Kebayoran Lama, Jakarta Selatan"
286,FOR SALE! MERCY E260 ELEGANCE ATPM LOW KM,Rp 115.000.000,"Kebayoran Baru, Jakarta Selatan"
287,Suzuki Ignis GL 2017 Matic Tdp 0 hub sahid,Rp 118.000.000,"Jakarta Selatan, Jakarta D.K.I."
288,Toyota Alphard 2011 Bensin,Rp 260.000.000,"Pasar Minggu, Jakarta Selatan"
289,Toyota Agya TRD Sportivo 2020 Istimewa,Rp 131.500.000,"Mampang Prapatan, Jakarta Selatan"
290,[ TDP 2 JT ] X-panderder ultimate 2019 At 1.5 Bensin Limitid edition,Rp 190.000.000,"Cilandak, Jakarta Selatan"
291,[OLXmobbi] Daihatsu Terios 1.5 R Deluxe Bensin-MT 2018 TZU,Rp 192.000.000,"Pesanggrahan, Jakarta Selatan"
292,[OLXmobbi] Suzuki Baleno 1.5 Bensin-AT 2022 Abu,Rp 230.000.000,"Pasar Minggu, Jakarta Selatan"
293,[OLXmobbi] Daihatsu Sigra 1.2 R Bensin-AT 2019 Silver,Rp 118.000.000,"Pasar Minggu, Jakarta Selatan"
294,[OLXmobbi] Toyota Rush 1.5 TRD Sportivo Bensin-MT 2019 Hitam,Rp 206.000.000,"Pasar Minggu, Jakarta Selatan"
295,[Mobil Baru]SUZUKI ALL NEW ERTIGA Tdp. 7 juta angsuran 5 jutaan,Rp 190.000.000,"Cilandak, Jakarta Selatan"
296,BMW 520i 2019 AT Putih Istimewa,Rp 580.000.000,"Kebayoran Baru, Jakarta Selatan"
297,Aston Martin V8 Vantage Coupe 2019,Rp 4.850.000.000,"Kebayoran Baru, Jakarta Selatan"
298,Mazda CX9 2.5 AWD Turbo Facelift NIK 2021 Fullspec Red On Brown,Rp 685.000.000,"Kebayoran Lama, Jakarta Selatan"
299,Rare Honda mobilio RS /AT Low KM,Rp 190.000.000,"Pancoran, Jakarta Selatan"
300,Mercy GLA 200 AMG Line 1.6 AT 2016 Km 8rb,Rp 429.000.000,"Cilandak, Jakarta Selatan"
301,Lexus RX350 2010 Kondisi Siap Pakai Service Record,Rp 265.000.000,"Kebayoran Baru, Jakarta Selatan"
302,Jual Daihatsu Xenia R Dlx 2017 hitam,Rp 129.000.000,"Pasar Minggu, Jakarta Selatan"
303,[VIP Dealer] Audi Q7 NIK 2016 Hitam 44rb Km Full Original 3.0 Quattro,Rp 900.000.000,"Cilandak, Jakarta Selatan"
304,[ DP 10jt ] KM Low Honda BRV Prestige Sensing 2022 Original #aokb,Rp 248.000.000,"Kebayoran Baru, Jakarta Selatan"
305,Toyota Fortuner VRZ 2018 Solar Diesel,Rp 390.000.000,"Kebayoran Baru, Jakarta Selatan"
306,[VIP Dealer] Toyota Voxy 2.0 Tahun 2018 Automatic Hitam Metalik,Rp 349.000.000,"Kebayoran Baru, Jakarta Selatan"
307,Honda BR-V 2022 Bensin,Rp 240.000.000,"Kebayoran Baru, Jakarta Selatan"
308,Pajero Sport Exceed 2.5 DiD a/t low KM antik,Rp 205.000.000,"Pesanggrahan, Jakarta Selatan"
309,MURAH. Toyota Alphard Facelift Transformer 2017⁣ x g atpm 2016,Rp 545.000.000,"Kebayoran Baru, Jakarta Selatan"
310,[OLXmobbi] Suzuki Ignis 1.2 GL Bensin-MT 2019 8VG,Rp 124.000.000,"Kebayoran Lama, Jakarta Selatan"
311,[OLXmobbi] Toyota Avanza 1.5 New Veloz Q CVT TSS Bensin-AT 2021 Putih,Rp 223.000.000,"Pasar Minggu, Jakarta Selatan"
312,[OLXmobbi] Daihatsu Xenia 1.5 R ASA Bensin-AT 2021 Abu,Rp 200.000.000,"Pasar Minggu, Jakarta Selatan"
313,[OLXmobbi] Honda HR-V 1.8 Prestige Bensin-AT 2016 Abu,Rp 222.000.000,"Pasar Minggu, Jakarta Selatan"
314,Vw Volkswagen Polo 1.2 GT TSI AT 2017 - Silver LOW KM30rb,Rp 155.000.000,"Kebayoran Baru, Jakarta Selatan"
315,"Hyundai Creta Trend IVT 2022 AT 1.5, Km 21Ribu, Pajak Panjang",Rp 240.000.000,"Mampang Prapatan, Jakarta Selatan"
316,JAGUAR 2.0 XF 2013,Rp 365.000.000,"Kebayoran Baru, Jakarta Selatan"
317,TOYOTA VRZ 2018 DIESEL AT BLACK FULL ORI,Rp 355.000.000,"Kebayoran Baru, Jakarta Selatan"
318,KM Low Nissan March XS 1.2 2018 Matic #aokb,Rp 128.000.000,"Kebayoran Baru, Jakarta Selatan"
319,TOYOTA CALYA G AT 2019 FACELIFT,Rp 132.000.000,"Kebayoran Lama, Jakarta Selatan"
320,BMW M3 2017 Yas Marina Blue,Rp 1.950.000.000,"Pancoran, Jakarta Selatan"
321,Lampu rem Ori Grand Livina 2008,Rp 75.000,"Pancoran, Jakarta Selatan"
322,Range Rover Evoque Si4 Dynamic Luxury 2 Door AT 2012 Antik Rare Cars,Rp 425.000.000,"Kebayoran Lama, Jakarta Selatan"
323,Lampu rem Ori Toyota Kijang LGX,Rp 75.000,"Pancoran, Jakarta Selatan"
324,Honda CRV 2.4 Gen 2 2005,Rp 68.000.000,"Pesanggrahan, Jakarta Selatan"
325,KONDISI SUPER!!! BMW X1 SDRIVE18i EXECUTIVE 2011 TDP MINIM,Rp 185.000.000,"Pesanggrahan, Jakarta Selatan"
326,Subaru Forester 2013 Bensin,Rp 110.000.000,"Cilandak, Jakarta Selatan"
327,BMW 730Li Luxury AT 2019 Black,Rp 850.000.000,"Kebayoran Baru, Jakarta Selatan"
328,Daihatsu Terios R AT Deluxe 2019,Rp 205.000.000,"Cilandak, Jakarta Selatan"
329,[OLXmobbi] Daihatsu Rocky 1.2 X ADS Bensin-AT 2021 UZF,Rp 188.000.000,"Pesanggrahan, Jakarta Selatan"
330,[OLXmobbi] Chevrolet Trax 1.4 Turbo LTZ Bensin-AT 2017 Abu-Abu,Rp 152.000.000,"Pesanggrahan, Jakarta Selatan"
331,[OLXmobbi] Toyota Yaris 1.5 TRD Sportivo Bensin-MT 2019 KOD,Rp 180.000.000,"Pesanggrahan, Jakarta Selatan"
332,[OLX AUTOS] Honda Freed 1.5 S Bensin-AT 2014 996,Rp 163.000.000,"Pasar Minggu, Jakarta Selatan"
333,Toyota Avanza 1.5 New Veloz Q CVT Bensin-AT 2023 Putih,Rp 261.900.000,"Pasar Minggu, Jakarta Selatan"
334,DP10% [Km9.000] C300 Coupe AMG 2019 Reg.2020/2021 Mdl 2018 #AUTOHIGH,Rp 1.025.000.000,"Kebayoran Baru, Jakarta Selatan"
335,[Mobil Baru] DISKON 25-30 NIK 24 UNIT READY DATA DBANTU,Rp 305.600.000,"Cilandak, Jakarta Selatan"
336,Toyota Corolla Altis 1.8 V Bensin-AT 2015 Hitam,Rp 187.200.000,"Cilandak, Jakarta Selatan"
337,Toyota Alphard G ATPM tahun 2020,Rp 1.050.000.000,"Jakarta Selatan, Jakarta D.K.I."
338,MITSUBISHI PAJERO DAKAR ULTIMATE AT MATIC 2022 PUTIH KM 18RB,Rp 522.500.000,"Kebayoran Baru, Jakarta Selatan"
339,[ KM 11 RB ] Toyota Alphard G ATPM 2022,Rp 1.050.000.000,"Kebayoran Baru, Jakarta Selatan"
340,BMW 218i Gran Coupe 1.5 Sport Line 2023 White,Rp 800.000.000,"Kebayoran Baru, Jakarta Selatan"
341,Toyota Alphard 2019 Hitam,Rp 745.000.000,"Kebayoran Baru, Jakarta Selatan"
342,RANGE ROVER VOGUE,Rp 250.000.000,"Kebayoran Baru, Jakarta Selatan"
343,BRAND NEW BMW 430i Convertible M Sport AT 2023 NEW AND FRESH CONDITION,Rp 1.595.000.000,"Cilandak, Jakarta Selatan"
344,(Type G Pilot Seats) Toyota Alphard 2.4 G atpm 2011 ISTIMEWA!!!,Rp 275.000.000,"Kebayoran Baru, Jakarta Selatan"
345,Daihatsu gran max 1.5 Ps dp 5 jt tahun 2015,Rp 90.000.000,"Jakarta Selatan, Jakarta D.K.I."
346,Wuling Air EV Long Range AT 2023,Rp 219.000.000,"Cilandak, Jakarta Selatan"
347,Oem captiva ring 17,Rp 5.000.000,"Pancoran, Jakarta Selatan"
348,[OLXmobbi] Honda City 1.5 E Bensin-MT 2013 NAB,Rp 122.000.000,"Pasar Minggu, Jakarta Selatan"
349,[OLXmobbi] Toyota Raize 1.0 GR Sport TSS Two Tone Bensin-AT 2022 Biru,Rp 227.000.000,"Pasar Minggu, Jakarta Selatan"
350,[OLXmobbi] Toyota Rush 1.5 TRD Sportivo Bensin-MT 2018 Silver,Rp 187.000.000,"Pasar Minggu, Jakarta Selatan"
351,[OLXmobbi] Suzuki Ertiga 1.5 GX Bensin-MT 2021 Merah,Rp 173.000.000,"Pasar Minggu, Jakarta Selatan"
352,[MOBIL BARU] XPANDER BARU DP 14 JT XPANDER ULTIMATE MITSUBISHI XPANDER,Rp 245.000.000,"Kebayoran Lama, Jakarta Selatan"
353,DP10% [Km21.000] Palisade 2021 Reg.2022/2023 Like Santa Fe #AUTOHIGH,Rp 695.000.000,"Jakarta Selatan, Jakarta D.K.I."
354,SUZUKI XL7 ALPHA 1.5 AT MATIC 2021 ORANGE KM 25 RIBU,Rp 198.850.000,"Kebayoran Lama, Jakarta Selatan"
355,RARE ITEMS ! BMW M3 F80 Yas Marina Blue S55 2015 / 2016,Rp 1.299.999.999,"Cilandak, Jakarta Selatan"
356,R18 225 55 toyo 2pcs masih bagus,Rp 2.300.000,"Pancoran, Jakarta Selatan"
357,New avanza veloz ring 17 pcd 5x100,Rp 8.000.000,"Pancoran, Jakarta Selatan"
358,Mercedes Benz C 300 AMG 2022 LIKE NEW,Rp 975.000.000,"Kebayoran Baru, Jakarta Selatan"
359,Lexus RX 270 Hk 2012,Rp 215.000.000,"Kebayoran Lama, Jakarta Selatan"
360,Toyota Yaris S TRD Facelift 2021 LIKE NEW,Rp 235.000.000,"Kebayoran Baru, Jakarta Selatan"
361,Dijual Wuling Air Ev listrik,Rp 207.000.000,"Pancoran, Jakarta Selatan"
362,Good Condition Toyota Alphard SC Audioless 2015,Rp 575.000.000,"Kebayoran Baru, Jakarta Selatan"
363,TANAH MURAH HANYA 60 JUTAAN PER 100 METER DI BOGOR AKSES MOBIL,Rp 96.105.000,"Pasar Minggu, Jakarta Selatan"
364,Km=88k Pajak=JUNi GanjiL Lexus Rx270 rx 270 Facelift 2013 nik 2012,Rp 310.000.000,"Cilandak, Jakarta Selatan"
365,(PROMO LEBARAN) Toyota Alphard 2.5 G ATPM 2017 ISTIMEWA,Rp 680.000.000,"Cilandak, Jakarta Selatan"
366,Mercedes Benz E300 Avantgarde Sport Style (W213) CKD Facelift AT 2019,Rp 799.000.000,"Kebayoran Baru, Jakarta Selatan"
367,[OLXmobbi] Honda Brio 1.2 RS Bensin-MT 2016 Abu,Rp 121.000.000,"Pasar Minggu, Jakarta Selatan"
368,[OLXmobbi] Toyota Yaris 1.5 S GR Sport Bensin-AT 2021 Putih,Rp 231.000.000,"Pasar Minggu, Jakarta Selatan"
369,[OLXmobbi] Daihatsu Terios 1.5 TS Bensin-AT 2010 Silver,Rp 99.000.000,"Pasar Minggu, Jakarta Selatan"
370,[OLXmobbi] Toyota Yaris 1.5 G Bensin-AT 2017 Merah,Rp 153.000.000,"Cilandak, Jakarta Selatan"
371,Kijang Innova v mt 2016,Rp 209.000.000,"Pesanggrahan, Jakarta Selatan"
372,[OLX AUTOS] Daihatsu Ayla 1.2 R Bensin-MT 2018 BYA,Rp 104.000.000,"Cilandak, Jakarta Selatan"
373,KM 56 rb Toyota Kijang Innova 2.0 Q Lux Inova Bensin AT 2017,Rp 280.000.000,"Kebayoran Baru, Jakarta Selatan"
374,Mitsubishi Xpander 1.5 Sport Bensin-AT 2019 Merah,Rp 193.000.000,"Cilandak, Jakarta Selatan"
375,Pajero Exceed AT 2018 Abu Fullset Record,Rp 340.000.000,"Kebayoran Baru, Jakarta Selatan"
376,99% ORI MULUS TERAWAT LIKE NEW !! Nissan Xtrail 2.0 AT 2014 Hitam,Rp 145.000.000,"Kebayoran Lama, Jakarta Selatan"
377,BMW 528i Touring Wagon,Rp 745.000.000,"Kebayoran Baru, Jakarta Selatan"
378,Tdp 20jt! BMW X1 xline Sport Edition 2016 320i gla200 x3 c200 2015,Rp 269.000.000,"Kebayoran Baru, Jakarta Selatan"
379,SUPER LOW KM MULUS TERAWAT LIKE NEW !! Toyota Avanza 1.3 G MT 2017,Rp 150.000.000,"Kebayoran Lama, Jakarta Selatan"
380,Toyota Innova reborn V 2.0 bensin 2017 AT super white,Rp 255.000.000,"Cilandak, Jakarta Selatan"
381,5RB KM DOANG MULUS TERAWAT !! Wuling Air Ev Long Range Listrik AT 2023,Rp 220.000.000,"Kebayoran Baru, Jakarta Selatan"
382,"[XTRA WARRANTY 1THN] TDP 50 Juta, Mercedes-Benz E300 AMG 2017 Putih",Rp 685.000.000,"Pancoran, Jakarta Selatan"
383,Toyota Kijang Innova 2018 Diesel,Rp 310.000.000,"Kebayoran Baru, Jakarta Selatan"
384,Toyota Kijang 1997 Bensin,Rp 52.000.000,"Pasar Minggu, Jakarta Selatan"
385,TRITON 4 WD AT DOBEL CABIN 2023,Rp 465.000.000,"Pesanggrahan, Jakarta Selatan"
386,[OLXmobbi] Mazda 2 1.5 R Bensin-AT 2015 Putih,Rp 146.000.000,"Pasar Minggu, Jakarta Selatan"
387,[OLXmobbi] Mazda 2 1.5 S Bensin-AT 2012 Merah,Rp 90.000.000,"Pasar Minggu, Jakarta Selatan"
388,[OLXmobbi] Mazda 2 1.5 R Bensin-AT 2014 Putih,Rp 125.000.000,"Pesanggrahan, Jakarta Selatan"
389,[OLXmobbi] Honda Freed 1.5 S Bensin-AT 2015 Putih,Rp 153.000.000,"Pesanggrahan, Jakarta Selatan"
390,[Mobil Baru]DP ringan 15% DP 17 jutaan free angsuran 2x,Rp 401.000.000,"Cilandak, Jakarta Selatan"
391,RARE ITEMS ! Mini Cooper S F56 JCW Limited Red Hot 2015 / 2017,Rp 635.000.000,"Kebayoran Baru, Jakarta Selatan"
392,DP10% [Km17.000] Alphard G ATPM 2021 Reg.2022/2023 Mdl 2020 #AUTOHIGH,Rp 1.075.000.000,"Kebayoran Baru, Jakarta Selatan"
393,Toyota Veloz 1.5 2014,Rp 120.000.000,"Pasar Minggu, Jakarta Selatan"
394,Audi A4 1.8 AT Facelift 2012 Silver,Rp 250.000.000,"Cilandak, Jakarta Selatan"
395,Brand New BMW 430i Convertible M Sport AT 2023 sage Green Met 100%New,Rp 1.595.000.000,"Pancoran, Jakarta Selatan"
396,TOYOTA VOXY 2019 AUTOMATIC PUTIH,Rp 370.000.000,"Cilandak, Jakarta Selatan"
397,Brand New Hyundai Ioniq 6 Long Range EV AWD nik 2023 Serenity White,Rp 1.125.000.000,"Mampang Prapatan, Jakarta Selatan"
398,DP 10 JT Nissan Serena 2.0 Hws AT Abu2 Facelift 2017 LOW KM PERFECT,Rp 205.000.000,"Cilandak, Jakarta Selatan"
399,TDP 45 JT   Hyundai H1 2.5 CRDi Royale Diesel AT Solar 2017 Hitam,Rp 335.000.000,"Cilandak, Jakarta Selatan"
400,MURAH. FACELIFT Toyota Vellfire G ATPM 2018 transformer 2017 alphard,Rp 680.000.000,"Kebayoran Baru, Jakarta Selatan"
401,All New Avanza 1.5 G-AT Grey,Rp 212.500.000,"Jakarta Selatan, Jakarta D.K.I."
402,Mercedes Benz GLC200 AMG Line X253 2018 x1 gla200 ml400 x5,Rp 625.000.000,"Kebayoran Baru, Jakarta Selatan"
403,[KM 48rban BUKAN MILES] Mercy ML250 Diesel CDi AT 2015,Rp 460.000.000,"Kebayoran Lama, Jakarta Selatan"
404,[TDP 0 RUPIAH] MERCEDES-BENZ GLA 200 1.6 AMG SPORT LINE 2015 AT,Rp 389.000.000,"Cilandak, Jakarta Selatan"
405,[OLXmobbi] Kia Rio 1.4 Bensin-MT 2013 SIB,Rp 105.000.000,"Pancoran, Jakarta Selatan"
406,[OLXmobbi] Suzuki Baleno 1.3 Bensin-AT 2021 Putih,Rp 199.000.000,"Cilandak, Jakarta Selatan"
407,[OLXmobbi] Daihatsu Ayla 1.0 X Bensin-MT 2020 Hitam,Rp 89.000.000,"Pasar Minggu, Jakarta Selatan"
408,[OLXmobbi] Toyota Kijang Innova 2.0 G Bensin-AT 2017 Putih,Rp 247.000.000,"Pasar Minggu, Jakarta Selatan"
409,Daihatsu Terios X AT Km800Perak 2023 Tidak Jadi Pakai Gressssss Baruuu,Rp 208.000.000,"Cilandak, Jakarta Selatan"
410,TOYOTA FORTUNER VRZ TRD 2.4L AT 2019,Rp 420.000.000,"Kebayoran Lama, Jakarta Selatan"
411,Daihatsu Ayla 1.2 R Bensin-MT 2018 Abu,Rp 116.400.000,"Kebayoran Baru, Jakarta Selatan"
412,[MOBIL BARU] NEW STARGAZER 2024 | BEST DEAL !!!,Rp 295.900.000,"Pasar Minggu, Jakarta Selatan"
413,Daihatsu Xenia 1.3 R 2014 Akhir Tangan 1 Full set istimewa,Rp 111.000.000,"Cilandak, Jakarta Selatan"
414,VIOS G 1.5 AT 2010,Rp 99.000.000,"Cilandak, Jakarta Selatan"
415,MAZDA 8 2.3 AT 2012,Rp 159.000.000,"Cilandak, Jakarta Selatan"
416,Karimun 2019 - mulus,Rp 110.000.000,"Cilandak, Jakarta Selatan"
417,[TDP 0 RUPIAH ] INNOVA G 2.4 AT 2018 DIESEL,Rp 289.000.000,"Cilandak, Jakarta Selatan"
418,Toyota Innova Tipe G Tahun 2015,Rp 165.000.000,"Kebayoran Baru, Jakarta Selatan"
419,Honda Brio RS 2022,Rp 180.000.000,"Pasar Minggu, Jakarta Selatan"
420,Porsche 911 991.2 Carrera GTS 2017 TechArt 6.000 Milleage ATPM,Rp 3.950.000.000,"Kebayoran Lama, Jakarta Selatan"
421,Jual Kaca Film mobil murah 3M solar gard sparta nexgard jabodetabek,Rp 200.000,"Pesanggrahan, Jakarta Selatan"
422,Low Km Maserati New Model Ghibli (350hp) FL AT  2018 Blue Km.10rb,Rp 995.000.000,"Pancoran, Jakarta Selatan"
423,Jual Kaca Film mobil murah 3M solar gard mobil daihtsu honda toyota,Rp 200.000,"Pasar Minggu, Jakarta Selatan"
424,[OLX Autos] Mazda CX-5 2.5 Touring Bensin-AT 2013 Hitam,Rp 171.000.000,"Pancoran, Jakarta Selatan"
425,[OLXmobbi] Daihatsu Sirion 1.3 Bensin-MT 2017 Orange,Rp 112.000.000,"Pasar Minggu, Jakarta Selatan"
426,[OLXmobbi] Honda Mobilio 1.5 E Bensin-AT 2015 Abu,Rp 121.000.000,"Kebayoran Lama, Jakarta Selatan"
427,[OLXmobbi] Toyota Fortuner 2.7 4x2 SRZ Bensin-AT 2016 Hitam,Rp 320.000.000,"Pesanggrahan, Jakarta Selatan"
428,Mercedes benz e260 elegant,Rp 110.000.000,"Kebayoran Lama, Jakarta Selatan"
429,Ford Everest 2010 Diesel,Rp 155.000.000,"Cilandak, Jakarta Selatan"
430,"Biro jasa STNK mobil, BPKB motor, Balik nama STNK,Cabut berkas, mutasi",Rp 100.000,"Cilandak, Jakarta Selatan"
431,Mercedes Benz GLA200 AMG Sport CBU 2014 / 2015,Rp 415.000.000,"Cilandak, Jakarta Selatan"
432,MOBIL XPANDER CROSS 2022,Rp 253.900.000,"Cilandak, Jakarta Selatan"
433,Prugeot 3008 GT Line 2019,Rp 462.999.000,"Cilandak, Jakarta Selatan"
434,Toko kaca film mobil murah 3m solar gard vkol sparta bisa kerumah free,Rp 200.000,"Pancoran, Jakarta Selatan"
435,Promo kaca film buat mobil dan gedung harga murah bisa kerumah gratis,Rp 200.000,"Mampang Prapatan, Jakarta Selatan"
436,Daihatsu terios tx matic  2013,Rp 122.000.000,"Cilandak, Jakarta Selatan"
437,[VIP Dealer] Lexus RX300 Luxury White On Black Full Original,Rp 845.000.000,"Pasar Minggu, Jakarta Selatan"
438,TDP 0 ANGS MURAH,Rp 155.000.000,"Cilandak, Jakarta Selatan"
439,Ford Mustang GT 5.0 V8 Cabriolet Limited 2017 / 2018  porsche m3 m4,Rp 1.850.000.000,"Kebayoran Baru, Jakarta Selatan"
440,MERCEDES BENZ A200 URBAN PUTIH 2014,Rp 288.000.000,"Kebayoran Baru, Jakarta Selatan"
441,LAND ROVER RANGE ROVER SPORT AUTOBIOGRAPHY 2014 BLACK ON BEIGE,Rp 1.200.000.000,"Cilandak, Jakarta Selatan"
442,Mercy C200 EQBOOST FACELIFT GTR NIK 2019 br 14rb TERMURAH ANTIK!,Rp 575.000.000,"Cilandak, Jakarta Selatan"
443,[OLXmobbi] Honda Mobilio 1.5 RS Bensin-AT 2017 Abu,Rp 169.000.000,"Pasar Minggu, Jakarta Selatan"
444,[OLXmobbi] Toyota Rush 1.5 TRD Sportivo Ultimo Bensin-AT 2020 Merah,Rp 212.000.000,"Pesanggrahan, Jakarta Selatan"
445,[OLXmobbi] Toyota Kijang Innova 2.0 V Bensin-MT 2014 Hitam,Rp 175.000.000,"Pancoran, Jakarta Selatan"
446,[OLXmobbi] Toyota Sienta 1.5 G Bensin-AT 2018 Abu,Rp 164.000.000,"Pasar Minggu, Jakarta Selatan"
447,[Mobil Baru] [DP 19JT] Honda HRV 2024 PROMO IIMS,Rp 394.000.000,"Cilandak, Jakarta Selatan"
448,Mini Cooper 2015/2016 3doors F56 Coupe Merah Red,Rp 415.000.000,"Cilandak, Jakarta Selatan"
449,Toyota Harrier 2.4 L Premium 2011 FullOriginal SepertiBaru Gresss ISTW,Rp 165.000.000,"Cilandak, Jakarta Selatan"
450,Toyota Avanza Veloz Q 2022 non TSS 2021 G Xenia Sensing HS,Rp 224.000.000,"Kebayoran Baru, Jakarta Selatan"
451,JEEP WRANGLER RUBICON 3.6 PUTIH 2014,Rp 1.050.000.000,"Kebayoran Baru, Jakarta Selatan"
452,TDP50JT TOYOTA ALPHARD G ATPM PUTIH 2016,Rp 650.000.000,"Kebayoran Baru, Jakarta Selatan"
453,Toyota Camry 2015 Type V,Rp 260.000.000,"Mampang Prapatan, Jakarta Selatan"
454,Innova venturer 2.4 Diesel Matic 2018 murah saja,Rp 389.000.000,"Kebayoran Lama, Jakarta Selatan"
455,MITSUBISHI PAJERO SPORT DAKAR 4X2 HITAM 2018,Rp 385.000.000,"Kebayoran Baru, Jakarta Selatan"
456,Jual IONIQ 5 2023 Istimewa,Rp 89.500.000,"Pancoran, Jakarta Selatan"
457,Gran max blinvan blin van granmax grandmax grand max box daihatsu,Rp 89.000.000,"Kebayoran Lama, Jakarta Selatan"
458,INNOVA BENSIN MANUAL 2017 jual cepat,Rp 240.000.000,"Cilandak, Jakarta Selatan"
459,HYUNDAI STARIA SIGNATURE 7 2.2 A/T 2021 HITAM,Rp 651.000.000,"Jakarta Selatan, Jakarta D.K.I."
460,CANTER FE71 LONG 2018 SEHAT SIAP KERJA,Rp 285.000.000,"Cilandak, Jakarta Selatan"
461,Toyota Vios 2008 Bensin,Rp 80.000.000,"Cilandak, Jakarta Selatan"
462,[OLXmobbi] Toyota Calya 1.2 G Bensin-MT 2020 Abu,Rp 129.000.000,"Pesanggrahan, Jakarta Selatan"
463,[OLXmobbi] Wuling Almaz 1.5 Exclusive 7-Seater Bensin-AT 2019 Hitam,Rp 184.000.000,"Pasar Minggu, Jakarta Selatan"
464,[OLXmobbi] Honda HR-V 1.5 S Bensin-MT 2019 Hitam,Rp 206.000.000,"Pesanggrahan, Jakarta Selatan"
465,[OLXmobbi] Daihatsu Terios 1.5 X Bensin-AT 2020 Hitam,Rp 192.000.000,"Pesanggrahan, Jakarta Selatan"
466,BMW X1 2015 Xline Bensin 1.8 SUV Bensin E84 Putih 320i,Rp 280.000.000,"Cilandak, Jakarta Selatan"
467,Mercedes Benz C250  W205 AMG 2016 c200 328i 520i e250,Rp 470.000.000,"Kebayoran Baru, Jakarta Selatan"
468,BMW X1 E84 sDrive18i Sport Line Edition Limited 2015 / 2017,Rp 279.000.000,"Cilandak, Jakarta Selatan"
469,Chevrolet Captiva 2.4 Bensin Tahun 2011 Facelift Putih Matic,Rp 129.000.000,"Kebayoran Lama, Jakarta Selatan"
470,(LOW KM) JEEP WRANGLER JK SPORT 3.8 A/T 2011,Rp 622.000.000,"Jakarta Selatan, Jakarta D.K.I."
471,AVANZA VELOZ 1.5 AT 2021,Rp 196.000.000,"Kebayoran Lama, Jakarta Selatan"
472,Daihatsu Ayla 2016 Bensin,Rp 95.000.000,"Kebayoran Lama, Jakarta Selatan"
473,Aksesoris Eksterior Mobil Bumper Guard Carbon,Rp 70.000,"Pasar Minggu, Jakarta Selatan"
474,Mercy C200 avantgarde 2012 istimewah,Rp 230.000.000,"Kebayoran Lama, Jakarta Selatan"
475,Mercy C200 Avantgarde Sport TERAWAT,Rp 255.000.000,"Kebayoran Lama, Jakarta Selatan"
476,Mercy C200 CGI Avantgarde Super Terawat,Rp 170.000.000,"Kebayoran Lama, Jakarta Selatan"
477,DP 25JT MERCEDES BENZ B200 2018 PROGRESIVE LINE KM.20RB PJK PJG# F2ST,Rp 455.000.000,"Pesanggrahan, Jakarta Selatan"
478,DP 15JT MERCEDES BENZ E300 2011 ELEGANCE LOW KM.48RB PAJAK PANJANG#F2S,Rp 245.000.000,"Cilandak, Jakarta Selatan"
479,DP 49JT MERCEDES BENZ GLE 250 D 2018 PANORAMIC LOW KM.42RB ANTIK #F2ST,Rp 850.000.000,"Mampang Prapatan, Jakarta Selatan"
480,DP 19JT BMW X3 2017 XLINE MILES.43RB & PAJAK PANJANG #F2ST,Rp 465.000.000,"Kebayoran Baru, Jakarta Selatan"
481,[OLXmobbi] Honda Brio 1.2 RS Bensin-AT 2016 Abu,Rp 128.000.000,"Pasar Minggu, Jakarta Selatan"
482,[OLX Autos] Daihatsu Ayla 1.0 X Bensin-AT 2021 Merah,Rp 108.000.000,"Pasar Minggu, Jakarta Selatan"
483,[OLXmobbi] Toyota Avanza 1.5 New Veloz Q CVT Bensin-AT 2021 Putih,Rp 223.000.000,"Pesanggrahan, Jakarta Selatan"
484,[OLX Autos] Datsun Go Panca 1.2 T Bensin-AT 2019 Hitam,Rp 92.000.000,"Pasar Minggu, Jakarta Selatan"
485,Mercedes Benz C250 W205 AMG 2016,Rp 469.999.999,"Cilandak, Jakarta Selatan"
486,[VIP Dealer] Chevrolet Trailblazer 2.5 LTZ Solar Tahun 2017 Hitam,Rp 289.000.000,"Kebayoran Baru, Jakarta Selatan"
487,Innova Diesel G Matic 2018 Silver Low KM,Rp 313.000.000,"Kebayoran Lama, Jakarta Selatan"
488,DP10% [Km28.000] X3 S-Drive 2019/2020 Mdl X1 2018/2021 #AUTOHIGH,Rp 725.000.000,"Jakarta Selatan, Jakarta D.K.I."
489,DP 9JT TOYOTA NEW AVANZA VELOZ 2021 FACELIFT 1.5 AT LOW KM.39RB #F2ST,Rp 210.000.000,"Pesanggrahan, Jakarta Selatan"
490,Hyundai Accent 2000 Bensin,Rp 26.000.000,"Kebayoran Baru, Jakarta Selatan"
491,"TDP 100 Juta!! Mini Cooper Countryman 2022 Low KM, BERGARANSI 1 TAHUN",Rp 810.000.000,"Pasar Minggu, Jakarta Selatan"
492,DP 9JT TOYOTA NEW AVANZA VELOZ 2021 FACELIFT 1.5 KM.39RB PJK PJG #F6ST,Rp 210.000.000,"Kebayoran Baru, Jakarta Selatan"
493,Mercedes-Benz E240 AT 2005,Rp 120.000.000,"Kebayoran Baru, Jakarta Selatan"
494,TDP 75 Juta!! Mercedes GLC 250 Putih 2015,Rp 490.000.000,"Pasar Minggu, Jakarta Selatan"
495,"TDP 85 Juta!! All New Camry 2.5 V 2021 Low KM, BERGARANSI 1 TAHUN",Rp 535.000.000,"Pasar Minggu, Jakarta Selatan"
496,[VIP Dealer] MERCY MINI 200 TAHUN 1970 MANUAL SURAT LENGKAP PAJAK ON,Rp 115.000.000,"Cilandak, Jakarta Selatan"
497,BMW E46 TAHUN 2003,Rp 110.000.000,"Pasar Minggu, Jakarta Selatan"
498,tdp5jt HRV H RV H-RV S CVT 2019 Facelift Grey,Rp 199.000.000,"Mampang Prapatan, Jakarta Selatan"
499,Daihatsu Sigra 2023 Bensin,Rp 137.900.000,"Cilandak, Jakarta Selatan"
